SiO2,Al2O3,CaO,MgO,SrO,B2O3,Sb2O3,YoungModulus,Density293K,CTEbelowTg,Tstrain,Tsoft
0.7311547295886408,0.13718939235748592,0.05001044059302569,0.04092712466068073,0.000522029651284193,0.03205262058884945,0.008143662560033411,83.8776000823975,2.4828587149981667,3.339336216829418e-06,1013.2884299999992,1270.418999999998
0.7286043945018561,0.12842379853516606,0.06401123708237183,0.020868867261964484,0.011337413464432627,0.0395304504866058,0.007223838667603091,81.59679991658533,2.497197802102301,3.4421608205392906e-06,1000.154359999999,1270.7937299999976
0.7231173955935547,0.1454565384193796,0.06719280938287844,0.024662939822426833,0.0002192261317549052,0.03737805546421133,0.0019730351857941467,82.71399995930993,2.4905432421378304,3.3284614937547775e-06,1006.6854740476176,1269.909023333331
0.7553045497730392,0.12361448326823603,0.050353636651535943,0.03409690699883881,0.0038002744642668634,0.032619022484957245,0.00021112635912593687,81.09939972686766,2.446943390404979,3.329064390119379e-06,1007.905606666665,1270.373669999998
0.7390799746782021,0.1347330660476894,0.0401983540831399,0.03418442709432369,0.01983540831399029,0.0318632622916227,0.00010550749103186326,84.24720021057135,2.476755813986858,3.303250401079787e-06,1010.7704633333325,1270.4558999999983
0.7233044365119837,0.13003569607343193,0.0661907190209077,0.03977562468128506,0.004283528811830698,0.032432432432432434,0.003977562468128505,83.57980014038088,2.4907785874410475,3.4021274477178013e-06,1009.558466666666,1271.1231499999976
0.7285443101208913,0.13727645119392548,0.042861424717754025,0.03267059646318314,0.021280847237486265,0.0327705065441103,0.004595863722649616,83.63620008850104,2.4940136410586042,3.371657855871285e-06,1006.7597899999994,1270.1170499999982
0.7452998634597207,0.12824283163533243,0.037916185274656025,0.026572838987501315,0.028043272765465817,0.032349543115218996,0.001575464762104821,83.33559999084477,2.485369457382493,3.4055892049540097e-06,1007.0899216666654,1269.7863499999987
0.7280790163273534,0.1322314049586777,0.05956460391050191,0.02136665994759121,0.016730497883491232,0.03215077605321507,0.009877040919169522,83.50940000915533,2.494891714735428,3.477690226571762e-06,1008.5552833333327,1270.4353999999978
0.7232926568186684,0.13626632412759582,0.047206165703275536,0.0381074716334832,0.010704345964461572,0.04281738385784629,0.0016056518946692359,82.29360006713873,2.495455368891955,3.325879908258432e-06,1000.0749533333325,1269.9466399999974
0.7429218573046433,0.13517965613095853,0.04077010192525482,0.021723463399567593,0.022753011427983118,0.03582827138886029,0.0008236384227324206,83.17420014953619,2.4900026951503755,3.334232299567278e-06,1002.3496949999992,1270.1221499999983
0.7382660381225662,0.13537610166017627,0.041401926624308256,0.02193072350891576,0.022750563640090184,0.03853248616519779,0.0017421602787456446,83.1522001495362,2.4896596950006487,3.3240245587706816e-06,1001.7169549999992,1270.1465499999983
0.7281493639720968,0.1273081657775954,0.06391054575297497,0.038982355354944605,0.010155929421419779,0.031185884283955682,0.00030775543701272055,82.93979997253423,2.4920690455942687,3.4515675968884498e-06,1009.1995074999992,1271.0732899999975
0.7187404463466829,0.13441353306837864,0.06532151227962905,0.03729746254967899,0.008763884642820746,0.031692652603688976,0.003770508509120554,83.39116671752932,2.5012106342613705,3.436977236364046e-06,1005.3112974999993,1270.1135499999973
0.7227424389193844,0.13281670433753096,0.06823807986223226,0.0308901087073512,0.004735765794855237,0.03993111613389302,0.0006457862447529867,82.09959996541343,2.4962278799307343,3.4079449656076423e-06,1000.6031433333324,1270.4126899999976
0.7410414636786835,0.1350005413012883,0.053372307026090714,0.029446790083360395,0.0053047526253112475,0.034101981162715164,0.0017321641225506116,82.59560006713869,2.484763065532049,3.3334146997640442e-06,1003.8409499999991,1270.5300899999975
0.738230563002681,0.13233243967828417,0.05254691689008043,0.03088471849865952,0.006863270777479893,0.034423592493297586,0.004718498659517427,82.66080003356936,2.4847337893529735,3.3564418829489444e-06,1003.6106499999993,1270.5566899999978
0.7302214367397859,0.1343174966212704,0.045015074332051146,0.025158540388813804,0.01881692483626157,0.038777419690196484,0.007693107391620751,82.96000013732917,2.492685551038186,3.3693953262362194e-06,1000.8192599999991,1270.016149999998
0.7516934801016087,0.12563505503810327,0.03503386960203217,0.021909398814563923,0.017993226079593562,0.04011430990685859,0.007620660457239626,79.86519976043701,2.4523743157555793,3.3183757105700617e-06,997.3214899999984,1270.2352799999978
0.7306446557308537,0.13321492007104796,0.04325566816424616,0.028523665238742037,0.01609027269877756,0.03886741197367046,0.009403406122662208,82.73320013427741,2.488831551283995,3.3439054139511527e-06,999.3899699999993,1269.9980899999982
0.7309459177281268,0.12810607642514094,0.07005637920233869,0.021716433493422425,0.004071831280016704,0.04332846105658801,0.0017749008143662557,81.10219983418784,2.4936955407660535,3.4357830688031047e-06,1000.1883999999988,1270.3476299999975
0.731071829978543,0.13793808112802697,0.04434453867375089,0.023909267395524677,0.027689792581996525,0.031981199550424035,0.0030652906917339327,83.9380001068116,2.491659728149176,3.426033272796954e-06,1010.1289066666657,1270.3497499999987
0.7214907838768484,0.12689892647356696,0.0643103099048005,0.04294105732226049,0.010836540409155358,0.03200324083451489,0.001519141178853555,82.88199995422369,2.4961122183677884,3.4221322143257214e-06,1006.7072724999988,1269.8086899999976
0.7299539170506911,0.13302611367127493,0.043215565796210956,0.0474142345110087,0.009831029185867894,0.034715821812596,0.0018433179723502302,82.91460021972664,2.490039188792706,3.3181903746008164e-06,1000.1858199999995,1270.156089999998
0.7262809917355372,0.13454545454545452,0.05950413223140495,0.02446280991735537,0.011900826446280991,0.03581267217630854,0.007493112947658401,82.42240002441409,2.498217511823177,3.4260697452476825e-06,1001.5948233333324,1270.0332899999976
0.7278440562420111,0.13346825734980827,0.06955688112484022,0.023114614401363445,0.007988922028121006,0.036855560289731575,0.0011717085641244143,82.15579994710289,2.498771299755176,3.4375762795366093e-06,1001.6700233333326,1270.3629899999976
0.7182738521321198,0.1292565702014521,0.08548931383577052,0.025564986194907453,0.005931076797218529,0.03354126188771858,0.0019429389508129663,81.86126662190759,2.5020607201405367,3.473018321126937e-06,999.0920033333325,1269.8244299999976
0.7290869610174749,0.13462930410505639,0.05304518664047152,0.029366146210319518,0.011891221176713889,0.03463964429738394,0.0073415365525798795,82.80960008239748,2.494623521125714,3.407497597270444e-06,1001.8745999999992,1270.1170399999976
0.7218864559595759,0.13514316853264638,0.0629148915089666,0.023679778064004755,0.013078371148320616,0.04151392053898741,0.001783414247498266,82.10620000203454,2.4999434856951233,3.403640419605852e-06,999.3812433333326,1270.1521899999975
0.7434501181547315,0.12904551525737185,0.04983047364635776,0.039453405938559546,0.0015411486694749824,0.0324668653036063,0.004212473029898286,83.7390002136231,2.474165247205231,3.334137816127283e-06,1009.1587199999993,1270.4012499999983
0.7293620529733071,0.13779243532927962,0.05400391631454189,0.031227455426156858,0.008038750901782953,0.03668968360300938,0.002885705451922086,82.48980003356935,2.493305243748824,3.381563930003904e-06,1002.7645499999992,1270.1753399999975
0.7280481137233461,0.13876435210497542,0.06462547840349918,0.02547840349917988,0.008747949699289229,0.03302351011481684,0.0013121924548933842,82.73779999287927,2.4969739819935963,3.4149209972038833e-06,1009.2078133333328,1270.755339999998
0.7241449099372597,0.13438575187209065,0.04179315927949808,0.028233151183970854,0.032786885245901634,0.03187613843351548,0.00678000404776361,84.16820014953619,2.5028387346088885,3.4546798416823276e-06,1008.9805749999989,1269.8073999999986
0.7249166577051296,0.1337778255726422,0.06140445209162275,0.03043337993332616,0.012904613399290246,0.034304763953113236,0.0022583073448757926,82.41100002034509,2.4974470778807003,3.425404533511086e-06,1001.3505233333325,1269.8951899999977
0.7441509433962266,0.13045822102425877,0.05595687331536389,0.02533692722371968,0.00010781671159029652,0.04161725067385445,0.0023719676549865234,81.92939991760255,2.483203876583179,3.368800226628183e-06,1003.5963699999988,1270.3332899999978
0.7208066789547869,0.1281578662040551,0.07394557085547002,0.023419711590588747,0.008457118074379268,0.04423723300444541,0.0009758213162745311,80.45579979451497,2.4954037758351695,3.439969412126041e-06,994.728599999999,1269.8677299999972
0.7394411262798636,0.131292662116041,0.04543515358361775,0.02623720136518772,0.014398464163822528,0.0410622866894198,0.002133105802047782,82.4350000915528,2.4848879893585045,3.3399126448073754e-06,999.9015099999992,1270.0013399999982
0.72002772002772,0.1294921294921295,0.06068706068706069,0.02583902583902584,0.012177012177012177,0.04375804375804376,0.008019008019008018,81.06119991048179,2.4982499984415365,3.4290803518268485e-06,996.6186033333324,1269.9157899999975
0.7346849792892959,0.12807935469805973,0.04970568999345978,0.04654458251580554,0.0040331371266623065,0.033246130368432526,0.0037061260082842814,83.13460014343268,2.4825098605121507,3.366071085930504e-06,1006.4677699999993,1270.0308799999978
0.7199591628381828,0.1278203164880041,0.06493108728943339,0.03511995916283819,0.01174068402246044,0.031852986217457885,0.008575803981623277,83.09739997863775,2.4978982654247015,3.4325419827387214e-06,1006.8829474999991,1270.6527399999975
0.7259478189971463,0.12943334692213615,0.05075417855686913,0.04280472890338361,0.009172441907867916,0.032511210762331835,0.00937627395026498,83.81600022888188,2.4890857871576153,3.360927448862211e-06,1008.6013066666662,1270.8153499999976
0.7188750898080674,0.1321974751103356,0.0654829108077594,0.02555681001744842,0.005952991891614492,0.04454480139587396,0.007389920968900749,81.01319983418783,2.4961578528710207,3.4345333277545198e-06,994.5492699999991,1269.8126299999974
0.7292805832529216,0.13251849469282725,0.05103463064222151,0.041492441299453196,0.0010721561059290233,0.04074193202530288,0.0038597619813444833,82.7072001037598,2.487264057902893,3.325528374759673e-06,1002.8051199999993,1270.6449399999976
0.722072476789458,0.13377258660277527,0.05241090146750524,0.04552261156034741,0.00898472596585804,0.030647898572426877,0.00658879904162923,84.33640014648444,2.4918893393476806,3.3891900155771797e-06,1009.7642408333326,1270.6687499999969
0.7398800599700149,0.13311201542086099,0.03962304562004711,0.022488755622188904,0.014992503748125937,0.0395159563075605,0.010387663311201542,82.66440014648444,2.485385324999094,3.3024326740180482e-06,999.8647233333327,1269.9843399999984
0.7431361909929463,0.13195876288659794,0.04470971242539338,0.022897449810092244,0.003581117742810635,0.04308193163320673,0.010634834508952794,81.78260003662112,2.477479986439546,3.3000862693725e-06,1001.118399999999,1270.598989999998
0.7424752576267727,0.13814916845219874,0.05315784103662891,0.029588817467605347,0.001020304050607081,0.033465972859912256,0.0021426385062748698,82.51700001525882,2.4814905695072818,3.3193509322310014e-06,1005.828789999999,1270.6322399999976
0.7355497170573969,0.12853678253839937,0.05962004850444624,0.02506063055780113,0.018290218270008086,0.030315278900565883,0.0026273241713823765,83.36119996643072,2.492099097597731,3.489490762941677e-06,1010.100144999999,1270.425039999998
0.7307028891763692,0.1302285467874084,0.06295817162570075,0.025226390685640365,0.00776196636481242,0.03514445881845623,0.007977576541612765,82.21480000813807,2.492116760099729,3.4175993474680183e-06,1002.516009999999,1270.3811399999977
0.7215530114484818,0.1376804380288701,0.04280736684917869,0.04499751119960179,0.02110502737680438,0.03145843703334993,0.0003982080637132902,84.37320013427741,2.4962720090758803,3.3710211809246734e-06,1007.6201633333326,1270.2226999999978
0.7371304527599751,0.12735166425470332,0.06739714699193715,0.023878437047756874,0.0011370684308455654,0.034215422782716554,0.00888980773206533,81.4849998677572,2.488219354233874,3.4059893790308246e-06,1002.3832499999988,1270.4730299999976
0.7222222222222221,0.12904979343335504,0.06881930854533592,0.034029136768862794,0.0028267014568384425,0.04131332898456185,0.001739508588823657,81.8631999664307,2.4966244703103433,3.386803504709742e-06,999.8858733333323,1270.5365399999973
0.7273021350010783,0.12971748975630798,0.04054345481992668,0.043239163252102655,0.020918697433685577,0.03288764287254691,0.005391416864351952,83.87320025634772,2.49240324928999,3.3575606711939824e-06,1006.0702649999994,1270.0347999999983
0.7330061605930877,0.12979012216769345,0.04312415161324006,0.03414430406181477,0.016706693118930773,0.0337266367338415,0.009501931711391878,83.02080023193366,2.485576931481362,3.342646882326213e-06,1000.8912799999993,1269.8274399999982
0.7277925260363488,0.13487849703900348,0.04778435777006331,0.03491933837043088,0.008270369614049419,0.04196446804165816,0.004390443128445987,82.58180012512211,2.4903524939175448,3.3234459452746855e-06,1001.1576133333325,1269.898339999998
0.7334437086092714,0.13532008830022074,0.05860927152317881,0.03609271523178808,0.0004415011037527594,0.03311258278145695,0.002980132450331126,82.83900004577642,2.4843859569629045,3.351475564885588e-06,1009.5827599999992,1270.6507899999979
0.7288809797969226,0.14236365539621063,0.05254893750654245,0.02554171464461426,0.013189573955825396,0.031927143305767826,0.0055479953941170316,84.20760002136235,2.484260193143289,3.3283206971237354e-06,1012.5263965476178,1270.3339499999975
0.7205561896855868,0.13053854934108125,0.050119331742243436,0.04534606205250597,0.0073674379993774,0.037356023658814984,0.008716405520390162,83.0118001708985,2.492555401477814,3.3408765233512588e-06,1000.1401333333325,1270.1031399999974
0.7241639697950378,0.13203883495145632,0.05954692556634304,0.022222222222222223,0.011866235167206042,0.041531823085221145,0.008629989212513485,82.14959997558597,2.4972058542271456,3.4296650762497565e-06,1000.8647233333323,1270.1126899999974
0.7324762779308234,0.13416998265483115,0.05458626670747883,0.03968982756861544,0.0004081216202428324,0.030915212733394554,0.007754310784613815,83.95000013732914,2.480690854576032,3.365143088920097e-06,1013.7315099999992,1270.7782999999977
0.7266769073220686,0.13773681515617,0.04536610343061956,0.03748079877112135,0.015565796210957501,0.033282130056323606,0.0038914490527393753,83.31480012512215,2.494571135239602,3.3344983287336727e-06,1005.472883333333,1269.883939999998
0.7353541539089611,0.12757705654215146,0.054500918554807105,0.03847724025311288,0.0017350479689732597,0.032659726474790776,0.009695856297203511,82.66560003662114,2.485264455470377,3.399945620700789e-06,1008.0246849999992,1270.2188899999976
0.720643153526971,0.13091286307053943,0.05300829875518672,0.04605809128630706,0.004149377593360996,0.03900414937759336,0.006224066390041494,82.95240014648442,2.491135401878357,3.331676526403017e-06,1000.9459933333324,1270.460639999997
0.7349312297734629,0.13319174757281557,0.037621359223300975,0.02902508090614887,0.02275485436893204,0.03418284789644013,0.008292880258899678,83.2462001342774,2.495058130381902,3.383086665487485e-06,1001.695161666666,1270.0546999999983
0.7339976172424996,0.13267626990144046,0.04884652875555074,0.039640420231777315,0.0029242932957868513,0.03444167659482292,0.007473193978121953,82.92600015258793,2.486165193442902,3.32573796907203e-06,1002.0636599999993,1269.9436899999982
0.7247056258177061,0.13639337112952465,0.05658525948539033,0.02900130832969909,0.004361098996947232,0.04001308329699085,0.008940252943741825,82.22839997863774,2.495312551788887,3.3911773511249936e-06,1002.6203833333325,1270.0111899999977
0.7242342715231788,0.1359685430463576,0.060637417218543044,0.03197433774834437,0.008278145695364239,0.03404387417218543,0.00486341059602649,82.26679997762048,2.495964936274688,3.3900265411983618e-06,1002.6631733333323,1269.8995399999976
0.7376129635400436,0.13597174613067414,0.05650773865170873,0.027422873169211593,0.0009348706762231224,0.03199335203074686,0.009556455801391918,83.38600000000005,2.4763782743851355,3.3492744357814205e-06,1013.9911499999992,1271.0485499999977
0.7205364995602463,0.14237027264731753,0.056948109058927006,0.02407651715039578,0.012752858399296395,0.0428759894459103,0.0004397537379067723,82.34779995727544,2.493225169880788,3.3169942733615565e-06,1003.7786590476178,1270.0606399999974
0.7228444632290787,0.13461538461538464,0.05568469991546914,0.032438715131022824,0.008558748943364327,0.041103127641589174,0.004754860524091293,82.38600003051761,2.493575346849362,3.3774998484778326e-06,1002.3379333333324,1270.0153399999977
0.7239117471675611,0.13108725899423573,0.05376664678990261,0.03746770025839793,0.015006956867421985,0.038660306102166565,9.938382031405288e-05,83.12360012817388,2.498408684870005,3.3918065990403927e-06,1000.7788333333324,1270.1558899999975
0.7259234460439683,0.12967302756388796,0.048655284008481195,0.04553063274188149,0.0062493025331994195,0.0417364133467247,0.0022318937618569356,82.80040020751957,2.489250694376628,3.3260338903532004e-06,1001.2596933333325,1270.0379399999977
0.7324108568387439,0.13709419904204362,0.038318254390633306,0.025332623736029798,0.02586482171367748,0.03821181479510377,0.002767429483767961,82.95360006713874,2.5008779956050717,3.414138558564976e-06,1001.4659633333323,1270.1166999999984
0.7248478701825558,0.14046653144016227,0.06288032454361055,0.029614604462474645,0.0010141987829614604,0.03498985801217039,0.0061866125760649095,82.31900003560389,2.4899991471250855,3.3190724613558932e-06,1004.340039999999,1270.0698233333312
0.7364367425529504,0.12957299807452713,0.052667346245327894,0.022765885151206252,0.004190735077585231,0.0454185071922075,0.008947785706195492,81.10399990844728,2.4891733473857243,3.3877731303490302e-06,997.825769999999,1269.9245799999974
0.721460223675881,0.13220088626292467,0.050749103186326236,0.05359780544418654,0.003376239713019625,0.03661109938805656,0.002004642329605402,83.45580021667483,2.4940154005622865,3.3324765008445462e-06,1000.9335733333324,1270.088839999997
0.7383575883575884,0.12744282744282742,0.06964656964656965,0.03035343035343035,0.0003118503118503118,0.03253638253638254,0.0013513513513513512,82.358399887085,2.484766424662007,3.426957397676521e-06,1010.442889999999,1271.403889999998
0.725955905847268,0.14122909788049845,0.06028331025668335,0.021940568750665673,0.010544253914154863,0.03504100543188838,0.005005857918841197,82.74760005187994,2.4889168942375983,3.3078013151082793e-06,1004.467346666666,1270.0738733333312
0.7358216692586832,0.12846034214618973,0.05298081907724209,0.03805080352514256,0.006013478486262312,0.03151892172109901,0.007153965785381026,83.47460009765629,2.4782550601134035,3.384731348842901e-06,1010.9128249999991,1270.4211899999978
0.7357852462481504,0.1341154090044388,0.04216867469879517,0.02430775734517015,0.016487000634115404,0.04016064257028112,0.006975269499048826,82.58580017089851,2.485627063243787,3.300475661851286e-06,1000.1459633333324,1269.9217399999982
0.7362105031377297,0.1317846526478036,0.04965319828250578,0.038533524166024444,0.0044038313332599366,0.03600132114939998,0.0034129692832764505,82.8088001403809,2.4813105936809388,3.3146569985734988e-06,1002.4211499999992,1270.062039999998
0.7352295189984626,0.13222051394684822,0.042609268614100596,0.02503843619591478,0.01746101471557215,0.041401273885350316,0.006039973643751372,82.4846001129151,2.4859829533998172,3.3326054185287896e-06,999.9152699999992,1269.9526399999982
0.7301555241365381,0.13219551605736213,0.049888911331044235,0.03362956978388205,0.008180165623106443,0.043526560290850336,0.0024237527772167236,81.88600007629398,2.483458919732571,3.3217378236901853e-06,998.4172399999989,1269.877989999998
0.7357824823578248,0.13470319634703198,0.03248235782482358,0.023868825238688253,0.02563304275633043,0.039954337899543384,0.007575757575757577,82.93840010070807,2.5001153189512095,3.3817783552788724e-06,1001.9887266666655,1269.8328499999986
0.730454042081949,0.12801771871539314,0.04019933554817275,0.029678848283499447,0.025359911406423033,0.04274640088593577,0.0035437430786267998,81.75659996032718,2.5004115000304905,3.464561481815744e-06,999.7852999999989,1269.812499999998
0.7098047583484477,0.142323695721754,0.06401365624666595,0.023044916248799747,0.008961911874533234,0.04416942281019951,0.007681638749599915,81.05679987080894,2.5027277647916475,3.347823160263743e-06,990.4508304761891,1269.9320799999973
0.725261341723333,0.13823201055516085,0.038871409722927026,0.025880442504820862,0.03044757941743631,0.03156399066274231,0.00974322541357962,84.14440010070807,2.5024917992409077,3.4335576725855423e-06,1009.2231183333324,1269.8110999999985
0.7334275047926546,0.13671677933609122,0.05892442740389466,0.021390374331550804,0.004338613661588135,0.03783674704873373,0.007365553425486833,82.05239997863774,2.4913808928024777,3.3662200390257803e-06,1002.859289999999,1270.3534399999976
0.7238925636400081,0.13940669472840247,0.055522148727199835,0.025355782721988372,0.01232711966325917,0.04319502906394067,0.00030066145520144314,81.87419999694828,2.4965982921918237,3.366829451361395e-06,1001.7617199999991,1270.0213399999975
0.7197284425980343,0.127469855101834,0.06758536832505825,0.029790252305198092,0.007092917215523355,0.0385044077414125,0.009828756712939507,81.68239987691247,2.49891430388742,3.416816635601633e-06,999.3470249999987,1269.9563199999975
0.7314880290938479,0.1356702697242146,0.039296898676634,0.023537731083947876,0.03101323365996566,0.03788261440549551,0.001111223355894535,82.96860008239753,2.501128761651914,3.414676719334294e-06,1001.1544633333324,1270.0274999999986
0.7263304124812994,0.13977345586663817,0.05375080145330199,0.04071382774097029,0.001068604402650139,0.035905107929044666,0.0024577901260953196,82.68820008850102,2.493005252921185,3.3045498235850582e-06,1004.0760399999992,1270.1700399999975
0.7324277040238756,0.13430071009570854,0.04106205619018215,0.032108675517134914,0.018009673767623753,0.039106720181125855,0.0029844602243490784,83.06880017089853,2.4905521699535846,3.3293244296672308e-06,1000.4489716666659,1269.9076899999982
0.7209440698135661,0.12772709242364141,0.06247520825069417,0.03679095596985323,0.016560888536295122,0.030741769139230466,0.004760015866719556,83.25460000610356,2.498521279799673,3.4469314250491444e-06,1006.3197874999989,1270.0131899999974
0.7235360941856863,0.12764639058143137,0.07838479809976247,0.024372611793865538,0.008571723639367965,0.03273778787565837,0.004750593824228029,82.44399989827478,2.49757478218966,3.461665148753075e-06,1007.2286199999992,1270.7909899999975
0.7326365475387727,0.1292425264104293,0.05124747134187458,0.02337603955945156,0.012025174196448638,0.04102045403461452,0.01045178691840863,82.16880001831058,2.492816040272315,3.3920298933906624e-06,1000.8577499999992,1270.3976399999979
0.7431610942249239,0.1292878853669127,0.050369083803734255,0.03245766391663048,0.008684324793747287,0.03343465045592705,0.0026052974381241857,82.75780007934576,2.4831165460773312,3.3487827099931943e-06,1003.6786399999993,1269.953239999998
0.7335291649181703,0.13239613932018465,0.045006294586655476,0.03451531682752832,0.017100293747377253,0.036298783046579935,0.0011540075535039866,83.00300018310554,2.4886044506875677,3.345698487147609e-06,1000.1266999999992,1269.8263399999983
0.7199131513647643,0.13316790736145573,0.05024813895781637,0.055934656741108355,0.006617038875103391,0.03236145574855252,0.0017576509511993382,84.58000024414068,2.4898813082281754,3.3466782468858895e-06,1008.0542266666661,1269.9550499999975
0.727766950456457,0.13796286798646015,0.05354395322597189,0.024207611037029435,0.008103395220022567,0.039901528361883265,0.008513693712175608,82.57100003051761,2.494179236086607,3.3665360775996733e-06,1002.6723533333325,1270.2719899999975
0.7269770278511892,0.1294978654198008,0.0625127058345192,0.023582028867656025,0.014637121366131328,0.036999390119943076,0.005793860540760317,82.36080000813807,2.5014970938718317,3.4615229128591874e-06,1000.3832033333325,1270.1216399999978
0.7339677733318914,0.13636855196279873,0.04996214988644966,0.03914783172920948,0.0011895749972964207,0.03601167946360982,0.0033524386287444577,82.62140007019049,2.487494520525139,3.306313615900959e-06,1003.0493599999992,1269.994939999998
0.7250314729332775,0.13680234997901805,0.053189257238774656,0.033885858161980704,0.009441879983214435,0.03923625681913555,0.002412924884599245,82.75280004882818,2.496796490346988,3.3522936602759535e-06,1001.3387533333324,1270.2037399999974
0.7180092244985519,0.13815295505738495,0.05073474203582537,0.03947227287353856,0.0077228359969966735,0.0427973828166899,0.003110586721012549,82.09120007324222,2.494257185289463,3.330366465524371e-06,998.1293633333324,1270.077629999997
0.72364871615546,0.1318813068238585,0.05555000499550403,0.024677789989009886,0.017284444000399638,0.04046358277550204,0.00649415526026576,82.63580001831059,2.500605850412448,3.4508650731979987e-06,1000.9689233333323,1269.9076399999979
0.7191582002902758,0.13321584076301057,0.06251295873937383,0.038979888036491814,0.0068422143893842,0.03680281982168774,0.002488077959776073,82.32560002136235,2.4951040989971167,3.3764320717367424e-06,998.4697733333327,1269.9267133333308
0.7378288792210483,0.12948000828672052,0.051688419308058835,0.02662108970374974,0.014501760928112698,0.03760099440646364,0.0022788481458462812,82.68260005187993,2.4919714381881555,3.395059135346927e-06,1001.4558499999991,1270.5251399999977
0.7295679616933288,0.13037327239090216,0.054521710741103485,0.02263576014800304,0.013059092393078679,0.042224398737621065,0.007617803895962563,82.36380003356936,2.4940172603078685,3.4156694480499977e-06,1000.7317899999991,1270.0771399999978
0.7279228518799437,0.13295048217575037,0.043666702784700404,0.03413154187886012,0.017011593888828693,0.03423989598006285,0.010076931411853939,82.87340017700203,2.493470310781797,3.3687041403512466e-06,999.7720999999992,1269.7656399999983
0.7212807984197942,0.13317392660359703,0.0676785528641231,0.024014970371140452,0.0034307100530200645,0.04168832518972866,0.008732716498596527,81.9473999532064,2.496849613524675,3.410899035700707e-06,1000.0608433333324,1270.1839899999975
0.7270089062343641,0.13049134394075854,0.043730611427999604,0.05013509456619634,0.00940658460922646,0.037826478534974485,0.0014009806864805365,82.8734002227784,2.4902650933706765,3.3007825545100683e-06,999.4285133333327,1270.0500399999976
0.7354121642482246,0.13039003807759594,0.051662035607697845,0.045487290315941134,0.0006174745291756714,0.03519604816301327,0.0012349490583513428,82.96680017089848,2.4830437731150794,3.32872723228459e-06,1004.4726899999991,1270.5411399999975
0.7200437898089173,0.13296178343949044,0.03632563694267516,0.05045780254777071,0.021496815286624206,0.030254777070063698,0.0084593949044586,84.61800024414069,2.498657266637485,3.3738726330197165e-06,1007.4087149999992,1270.0863999999979
0.7335566382460414,0.13032886723507917,0.056739748274462036,0.027608607389362567,0.01654486398700771,0.031262687779131146,0.003958587088915956,83.82560006713874,2.4898578514456755,3.4726972086519115e-06,1010.2589299999994,1270.5667999999978
0.7216831892005907,0.13773465513604724,0.056633621598818816,0.043028896857203125,0.004534908247205231,0.03596287703016241,0.0004218519299725797,82.41420002746587,2.4970621876370913,3.3603301482327646e-06,1001.4879233333326,1270.0122399999973
0.7276915373059589,0.1342013019529294,0.0472709063595393,0.03905858788182273,0.0063094641962944415,0.04256384576865298,0.002904356534802203,82.32400010681157,2.4907213701164728,3.3181321917312864e-06,1001.1679533333325,1270.2098399999975
0.7298992161254199,0.12777155655095182,0.0547592385218365,0.026651735722284433,0.009854423292273236,0.04020156774916013,0.010862262038073906,81.8157999725342,2.4945327207562658,3.420016167513619e-06,1000.165604999999,1269.9553799999974
0.7225612909899658,0.14109858280748938,0.06341160649632771,0.02555084307437674,0.003930898934519499,0.03330919623461259,0.01013758146270818,82.87680000813808,2.4940846947252755,3.3524715491934595e-06,1008.4082199999992,1269.876973333331
0.7251722740170249,0.13133360356708554,0.05857316578840698,0.0279691933522497,0.023814349412241594,0.032732063234698024,0.00040535062829347396,83.69079998779301,2.502708138136069,3.499961993081908e-06,1008.4571366666661,1270.5468499999981
0.7259997985292638,0.13700010073536822,0.06426916490379773,0.027802961619824724,0.00030220610456331223,0.043114737584365875,0.0015110305228165613,81.67079988606774,2.4936525516553725,3.37877735532116e-06,1003.3261233333322,1270.9756899999973
0.7462427154687661,0.12718535937020756,0.05837848890706472,0.021061241181883246,0.00909927410285247,0.03547694509763828,0.0025559758715877727,81.24559986114504,2.480952790902191,3.401808524570744e-06,1000.3840566666653,1270.3514866666646
0.7413426811132356,0.1329934140641598,0.038347142553643514,0.02889313787975356,0.016039940514127896,0.03558529849160825,0.006798385383471426,82.68640014648444,2.485728325148821,3.3126404148146455e-06,1000.4974633333327,1269.9599399999984
0.7320898685883849,0.13172954641797371,0.06263247138618058,0.028613819415006358,0.00105977108944468,0.03645612547689699,0.00741839762611276,82.17399997456873,2.4898673490468664,3.398734658959176e-06,1003.2614699999991,1270.4087899999977
0.7425356506238859,0.13123885918003567,0.057263814616755795,0.026180926916221037,0.00412210338680927,0.034759358288770054,0.003899286987522282,82.32959999084477,2.4860637883230052,3.3854203867483827e-06,1003.5130699999992,1270.2909899999977
0.7406805485017776,0.13174200101574404,0.06104621635347893,0.028643981716607415,0.00548501777552057,0.030980192991366177,0.0014220416455053328,83.25179994201662,2.479496812595129,3.401634229126735e-06,1012.7033899999993,1271.1603999999977
0.7357764958715078,0.13742789277231085,0.05519737586245901,0.02556271914941749,0.005881687591901369,0.038796516231195566,0.0013573125212080082,82.15700000000002,2.4860229773811504,3.342108011271422e-06,1003.4334399999991,1270.4595899999977
0.7206709624629232,0.1402270635164161,0.05799324946302547,0.023626879410862226,0.010125805461798098,0.04234427738570114,0.005011762299273806,82.09560003662115,2.4953661327934267,3.318970775892843e-06,1000.6352599999991,1269.825773333331
0.7345922390537455,0.14442830462751605,0.05177422701805353,0.021892508819257105,0.010271840630836273,0.032164349450093374,0.004876530400498028,84.16520002746589,2.4814227587946265,3.308767426454171e-06,1011.8739199999987,1270.4797333333308
0.7289514866979655,0.13677621283255084,0.05758998435054773,0.025352112676056335,0.00396452790818988,0.04214919144496609,0.005216484089723527,81.92599996948246,2.493878559508324,3.395805207725392e-06,1002.4784399999991,1270.0523399999977
0.7326137867834234,0.1393951736075756,0.03492516037063435,0.021891864372263516,0.029121270746359843,0.04123816311984523,0.0008145809998981775,82.90040010070808,2.499845623684327,3.3603734527909067e-06,1001.7150066666655,1269.8218999999988
0.7311951525282072,0.13236523192645216,0.05536982866694525,0.0473255328040117,0.0,0.032072712076890934,0.001671541997492687,84.17300013732914,2.4806160341080035,3.3698623692648e-06,1013.6232099999994,1270.9177999999977
0.7279561808613468,0.13736440768982927,0.06358071098700463,0.028246160455375365,0.0021479969928042105,0.033830952636666314,0.006873590376973473,82.15339999898276,2.495392041614056,3.41128540358549e-06,1002.8317699999992,1270.1907399999975
0.725963574756459,0.13310038119440915,0.05950868276154171,0.021177467174925878,0.016730199068191443,0.040660736975857675,0.0028589580686149934,82.50560000610356,2.500795850946506,3.44486507129065e-06,1000.8747833333324,1270.107539999998
0.7218609304652327,0.13396698349174588,0.05162581290645323,0.035917958979489746,0.022511255627813906,0.03371685842921461,0.00040020010005002504,83.65680010986333,2.5026911932857834,3.4185771469874135e-06,1002.5474333333326,1270.3709499999973
0.7203703703703705,0.1294117647058824,0.03311546840958606,0.04978213507625273,0.02461873638344227,0.038888888888888896,0.003812636165577343,83.69460023498543,2.4985583796719713,3.320522398902391e-06,1000.111326666666,1269.837399999998
0.7209753992231334,0.13508847647820457,0.07369443245576175,0.02481657315494173,0.0017263703064307294,0.04218817436340095,0.001510574018126888,81.88699994405113,2.4992775236650306,3.410062003541455e-06,1000.0885433333325,1270.1519899999976
0.722903781810808,0.12947379093582076,0.05383757477440941,0.05505424313089324,0.0005069451485349286,0.03477643718949609,0.003447227010037514,83.33680020141604,2.4927036204620205,3.350219913743836e-06,1003.9274533333323,1269.9389399999973
0.7273759157981633,0.13208131255804356,0.057476008667836136,0.031885254359715204,0.00608812300072232,0.040449901970900835,0.004643483644618718,82.39760000610354,2.4942899442772073,3.3975934321623743e-06,1002.1774733333323,1270.0619399999975
0.7437772925764192,0.12958515283842795,0.05425764192139738,0.02368995633187773,0.009716157205240173,0.037336244541484716,0.0016375545851528383,82.41680001831057,2.489755112893184,3.391889714909433e-06,1001.590229999999,1270.3367899999978
0.7301381692573402,0.13266407599309152,0.04522884283246977,0.038968048359240066,0.008743523316062174,0.03929188255613126,0.004965457685664939,82.53080017089849,2.485423196153244,3.3031928339405036e-06,1000.7474199999992,1270.137589999998
0.7181287706458314,0.13173771140342205,0.06013252892888934,0.042330135495994466,0.0026703590149342307,0.03847295025220057,0.0065275442587281185,82.21900007629398,2.495833101162911,3.37453045102024e-06,998.2184333333323,1269.7717299999974
0.7259451890378076,0.13502700540108023,0.04160832166433287,0.031706341268253654,0.02990598119623925,0.032306461292258455,0.003500700140028006,84.0840001068116,2.499902331397931,3.426906043626799e-06,1007.4775683333323,1269.8987499999985
0.7509312913907286,0.12158526490066225,0.03352649006622516,0.028249172185430466,0.01872930463576159,0.04108029801324504,0.0058981788079470205,79.56239975738525,2.4508019357323114,3.3165815360352638e-06,996.7216899999984,1269.8785399999977
0.7235703734965182,0.14285714285714285,0.05718506013926989,0.027431947668284447,0.016037138636843216,0.03207427727368643,0.0008440599282549062,84.1196000061036,2.4911599322358775,3.37547182631057e-06,1012.3580965476176,1269.9549999999977
0.7309315491507977,0.13206381883685023,0.054554812146165726,0.034688625836335564,0.0011322696860524963,0.04240864642305713,0.004220277920741123,82.4352000732422,2.48653951889356,3.3472990002136216e-06,1002.7297499999991,1270.2341399999978
0.7350270270270269,0.13708108108108108,0.03545945945945946,0.024540540540540542,0.026918918918918917,0.04086486486486486,0.00010810810810810811,82.74420005798348,2.4974881696752713,3.3804696184354696e-06,1002.0284333333324,1270.2796499999986
0.7225421845003535,0.13014044659997978,0.05678488430837627,0.04496312013741537,0.007679094675154086,0.03627361826816206,0.001616651510558755,82.74800012207035,2.4960226272424064,3.3886153911836245e-06,1001.6075533333325,1270.1069399999972
0.7255784734582766,0.1312951523400691,0.0365406763689666,0.046173175583708516,0.01727567793948278,0.03423725264370223,0.00889959166579416,83.10240023803719,2.4955902035935726,3.33652061380218e-06,999.9642449999992,1269.7682899999977
0.7294800171895144,0.13171465406102276,0.05275032230339492,0.03223033949290932,0.007950150408250967,0.044477868500214866,0.0013966480446927373,81.55219998168947,2.4898786905586725,3.3683381821701404e-06,997.1879399999989,1269.8770399999971
0.7444356569879108,0.12834707942605353,0.05197152864083153,0.02338718788837419,0.005649079200090384,0.03649305163258388,0.00971641622415546,82.11499996948245,2.487233975602918,3.3902660836931934e-06,1002.2061199999989,1270.0253799999978
0.7271248474989833,0.13857259048393658,0.05134200894672632,0.02165514436762912,0.021248474989833267,0.032025213501423344,0.008031720211468078,84.54220007324221,2.4976782731266822,3.443869503717624e-06,1011.4563108333325,1270.5060999999978
0.743221346008426,0.13168413092794642,0.058658312628281306,0.03013935400237658,0.0017284217349033165,0.03316409203845739,0.0014043426596089446,82.60099993896488,2.481285243184169,3.3847226489179033e-06,1008.8370599999995,1270.8532899999977
0.7349533476878909,0.13698349225879217,0.05218907002973444,0.030657233671690765,0.007382343894186404,0.032502819645237366,0.005331692812467958,83.33960003662114,2.485591208737295,3.3682150340366358e-06,1011.290029999999,1270.9740499999978
0.7212192013593882,0.1346644010195412,0.07508496176720475,0.026338147833474934,0.001062022090059473,0.036533559898045874,0.005097706032285471,82.05039993794762,2.4998414563222724,3.4329538625923866e-06,1000.8572233333325,1270.3659399999974
0.7335883386746614,0.12974258244598366,0.06575002584513595,0.02842964953995658,0.005065646645301354,0.03153106585340639,0.005892690995554637,83.14459999084478,2.4889071193337444,3.4541542086213946e-06,1011.6511899999994,1271.4058499999978
0.7240004197712246,0.12656102424178822,0.06443488298877112,0.03672998215972296,0.001574142092559555,0.0379892958337706,0.008710252912162871,81.80099993896486,2.4950427661305006,3.377917712785083e-06,1000.6372149999987,1269.7735033333308
0.7212291624824262,0.1372765615585459,0.061257280578429406,0.038963647318738706,0.004619401486242218,0.03344044988953606,0.003213496686081543,82.35059997558598,2.495408621920348,3.3626634081509686e-06,1002.4949633333327,1270.2470733333305
0.7219390304847577,0.13683158420789604,0.061869065467266365,0.037181409295352325,0.007396301849075463,0.032683658170914544,0.002098950524737631,82.92779997253423,2.495573039871852,3.3845604983770066e-06,1007.246236666666,1270.4818833333306
0.7327179487179488,0.13887179487179488,0.05005128205128206,0.02625641025641026,0.0073846153846153844,0.0398974358974359,0.004820512820512821,82.69780010986335,2.4905382326447967,3.3037839709168125e-06,1002.7010599999991,1269.993039999998
0.733674108074275,0.13373669935322346,0.05758397663258919,0.0323388274567077,0.00573753390360943,0.03546839140413103,0.0014604631754642186,82.43560002136233,2.4898892835132282,3.375661433873844e-06,1003.2776799999992,1270.2478899999978
0.7438097306689835,0.13053866203301479,0.03659860990443093,0.033340573414422245,0.0170503909643788,0.036924413553431804,0.001737619461337967,82.71400015258794,2.484570993392865,3.3162408702920255e-06,999.7750833333324,1269.8441899999984
0.7312356604392003,0.13678575330492734,0.054845405877854254,0.02316180487271933,0.014858516333442586,0.03594449907134273,0.0031683601005134928,82.86880006408695,2.49628231636564,3.3904182172968546e-06,1002.3818999999992,1270.0548899999978
0.7202380952380952,0.12792574656981437,0.08323244552058112,0.027542372881355935,0.007566585956416465,0.0304681194511703,0.0030266343825665863,82.7623999023438,2.500290832464827,3.4928882728543054e-06,1008.0288108333324,1270.8062399999976
0.7324220885729908,0.12826681246582836,0.05128485511208312,0.031164570803717886,0.014652815746309463,0.03422635319846912,0.007982504100601424,82.5038000183106,2.4970417783496113,3.4289621240187126e-06,1000.4639799999991,1269.7675799999977
0.7351834909016977,0.13073091389651317,0.046253939209108474,0.034461726136017085,0.004981193453288605,0.04117108874656908,0.0072176476568059375,82.41720010375981,2.4831356547443075,3.3218590357883065e-06,1001.6392499999992,1270.0911399999982
0.7331115144182294,0.13510788465416415,0.06583988707400686,0.02026618269812462,0.010284331518451302,0.03327283726557774,0.0021173623714458556,82.63539998372401,2.4912267137106268,3.409254746288447e-06,1007.5801599999993,1271.2042399999978
0.722972972972973,0.1297508445945946,0.07390202702702704,0.030299831081081082,0.0027449324324324326,0.036739864864864864,0.0035895270270270272,81.93599992879236,2.4978987780829267,3.4483917945395413e-06,1001.4963033333324,1270.4023899999975
0.720869746150645,0.13358302122347065,0.05565959217644611,0.04952143154390346,0.00509779442363712,0.03422804827299209,0.0010403662089055348,82.92860011291508,2.495633431338469,3.364888271061715e-06,1001.7719333333328,1270.328239999997
0.7442044555015265,0.1351351351351351,0.0486260318896302,0.027931697387764326,0.007011195295714122,0.03596064683930792,0.0011308379509216327,82.55600009155278,2.481838836202622,3.3059784930707586e-06,1002.9213099999993,1270.2229899999982
0.7207824446430345,0.13583556747095624,0.05778969317843313,0.041108132260947276,0.0039718002184490125,0.03773210207526562,0.0027802601529143085,82.31920001220708,2.4949987048637876,3.3369499546614835e-06,1001.0145933333324,1270.2539399999973
0.722923918448533,0.13088015912481352,0.06921929388363997,0.03162605668821482,0.007856787667826952,0.03252113376429637,0.004972650422675286,83.11339994812015,2.4961823554948963,3.4663853254906786e-06,1010.0671766666659,1271.0758499999977
0.7347821500158244,0.13419137039772128,0.03956113514083764,0.025108133769384956,0.024369659246755986,0.03354784259943032,0.008439708830045363,83.30680015563972,2.492500275489887,3.3631931422072378e-06,1003.1690016666658,1270.1250999999982
0.740104555638536,0.12770724421209856,0.059212632028166,0.022084711405099752,0.007148191614211031,0.03872826202923289,0.005014403072655499,81.46599992370608,2.4889046217856143,3.39954606731311e-06,1001.7009849999989,1270.2913299999975
0.7280075582615998,0.13562880537476382,0.06015116523199664,0.038526138988032754,0.0030442998110434597,0.03338232206592484,0.001259710266638673,82.35080000305179,2.494149589764675,3.379223948000167e-06,1004.1126199999993,1270.2569899999974
0.7247503941145559,0.13578560168155543,0.06936416184971098,0.023962165002627427,0.008092485549132947,0.03394640042038886,0.004098791382028375,82.06899992879237,2.49873531479915,3.423084980576473e-06,1002.5620233333325,1270.2526899999975
0.7212007894463488,0.13420587929780825,0.059000727121637064,0.031266230393684424,0.007686714448945674,0.04165368235171912,0.004985976939856653,82.05059999084477,2.4963632549981276,3.393309374415079e-06,1000.5978433333324,1269.9466399999974
0.7196012633241217,0.12998420844848008,0.07589814449269641,0.03227398341887091,0.005921831819976313,0.0340505329648638,0.00227003553099092,81.9741999104818,2.502514311439991,3.4490848637109927e-06,998.5554533333324,1269.8429299999978
0.7281437125748501,0.1303393213572854,0.04500998003992015,0.041317365269461066,0.014371257485029936,0.03273453093812375,0.00808383233532934,83.58700027465828,2.4871834338490175,3.3470338125093973e-06,1005.2629799999995,1270.074999999998
0.73493365744961,0.13572369087410108,0.043451838347006985,0.0249164387724096,0.014990377798035045,0.0383875215233465,0.007596475235490731,82.58080012512214,2.4892480952274805,3.3201200367369606e-06,999.8304699999992,1269.9474899999982
0.7276700063952249,0.13184821999573654,0.06288637817096568,0.023768919206992114,0.011191643572798978,0.04071626518865914,0.0019185674696226818,82.23620000203455,2.4975058515568573,3.4258650770126957e-06,1000.7247233333323,1270.2918899999977
0.7243248669812268,0.1318140748920791,0.07218150788073487,0.028009236020479875,0.0017066559582371247,0.03664290733862062,0.005320750928621625,82.10319994099939,2.4979998888973394,3.445386657515071e-06,1001.5661633333324,1270.2936899999977
0.7490671641791045,0.12427446102819238,0.0386608623548922,0.03264925373134328,0.018345771144278607,0.03140547263681592,0.005597014925373135,81.55399996185307,2.4516364902514884,3.311893689224696e-06,1005.4991299999981,1270.3286399999984
0.7204513090152262,0.13528316354474754,0.05553729871837004,0.04107788366743346,0.0006572461386789353,0.04020155548252822,0.006791543433015666,82.38820001220707,2.4926710056555277,3.33026443391768e-06,1001.8316933333325,1270.2744399999972
0.7435116108017231,0.13239466218346116,0.04949038562572239,0.02490280550593674,0.009561836713249974,0.03320374067458232,0.006934958495324156,83.19340002441409,2.4790700489127637,3.344302524302279e-06,1006.9121899999994,1270.4659899999983
0.7214262277151919,0.1278573772284808,0.06704582740894674,0.04024937110357651,0.009624849611724818,0.033358853767909875,0.0004374931641693099,81.9929999084473,2.4969344756147596,3.3988173923640005e-06,1000.304129999999,1270.5728633333308
0.7197735543873837,0.13809138697937726,0.03871815608572584,0.04842296805499393,0.0220380105135463,0.03083299636069551,0.0021229276182773956,84.56240014648445,2.498728544058005,3.3641099678960753e-06,1007.8319983333326,1270.0626999999977
0.7299790356394129,0.13574423480083858,0.03312368972746332,0.03333333333333333,0.018343815513626835,0.043081761006289306,0.006394129979035639,82.25320007324224,2.4975906844552362,3.338148120020452e-06,1000.503554999999,1269.811699999998
0.7315567110822229,0.1369299100855812,0.05254035315783771,0.039107355649442094,0.0042248943776405585,0.03553244502220777,0.00010833062506770663,82.68660006713871,2.4906910136675844,3.3442123095268636e-06,1003.4216999999991,1270.1334899999977
0.7253675320613074,0.13888020018767594,0.037430924825357106,0.0314878531957043,0.01887185903451152,0.042644145553122716,0.005317485142320926,82.45580007934575,2.4942547271013265,3.3232700412331476e-06,1000.9741749999989,1269.8288999999982
0.724670983914769,0.13285982870273658,0.066847712554836,0.024754543555462707,0.0100271568832254,0.034468351786087315,0.006371422602882807,82.2763999684652,2.4994473786354066,3.446051117569468e-06,1001.1355233333326,1270.3849899999977
0.7206549397057197,0.13563447283991592,0.07157871445956411,0.025777187742006862,0.0018807390198030756,0.04181878526385663,0.002655160969133754,81.82819992574058,2.499175991189877,3.4069856820028186e-06,1000.2315433333325,1270.1319899999974
0.7276554404145078,0.13870898100172713,0.06886873920552676,0.023424006908462868,0.0036701208981001726,0.03680915371329879,0.0008635578583765113,82.1483999684652,2.4958804703780015,3.3834576615352748e-06,1001.9590533333326,1270.1534899999976
0.7274898743379375,0.1268044449060131,0.06511579603281754,0.030013500882750024,0.01900508879426732,0.03157129504621456,0.0,83.36699995422369,2.500220786412292,3.4863709481576276e-06,1008.8926724999989,1269.8182399999978
0.7231349911190054,0.14409413854351688,0.07215808170515098,0.023978685612788635,0.0008880994671403199,0.03519094138543517,0.0005550621669626999,82.65999994405117,2.4904455799639234,3.3357875496557373e-06,1006.988333333332,1270.0657733333312
0.7282292814911314,0.1370878845575709,0.0506062731736647,0.03016334302034272,0.010421885960517085,0.03437218158132077,0.00911915021545245,82.6780000457764,2.4946772893551987,3.3889912463748145e-06,1002.0503599999992,1270.2143399999977
0.7245165189363417,0.12923045930701046,0.05852135374697824,0.03908138597904916,0.00926672038678485,0.030922643029814668,0.00846091861402095,83.699400177002,2.492211082969507,3.4207809039701253e-06,1009.3315608333327,1270.4464499999976
0.7268579539693805,0.13069045929230455,0.055054243130893236,0.030213930852681738,0.010848626178647468,0.03812227516982662,0.008212511406265841,82.48360000610356,2.497175854017337,3.426765074723878e-06,1000.8847233333323,1270.0062899999978
0.721959423946179,0.1315042573320719,0.05697466624618943,0.03521496898980343,0.007778828970881952,0.041627246925260174,0.004940607589614213,82.27880007934573,2.4919054032897954,3.3468765309806535e-06,1000.4301333333324,1270.0790399999971
0.7284443080699602,0.13572670553339472,0.04991306126623709,0.040094098394190446,0.004091234530019434,0.03446865091541373,0.007261941290784495,82.66580009460455,2.4921157073493805,3.3310937974047378e-06,1002.1044099999993,1269.8573899999978
0.7354824216556217,0.13613388745366728,0.0566101314163765,0.024486128271369197,0.001010895203863866,0.04549028417387397,0.0007862518252274513,80.99959986877442,2.488838661093315,3.365920566017654e-06,999.1484199999989,1269.8906399999971
0.7420440636474909,0.13219094247246022,0.048245614035087724,0.02396980824153407,0.011423908608731131,0.03376172990616075,0.008363933088535292,82.70000007629397,2.485670989183982,3.3534203848410336e-06,1001.2800499999993,1269.9920899999981
0.7532905127935137,0.11951142466041907,0.03264188691165631,0.029061808992313358,0.02074339265031062,0.03622196483099926,0.008529009160787616,79.8165997390747,2.4523032508793143,3.3180369950014276e-06,998.845556666665,1269.8484999999978
0.7268945926752561,0.12904534848331134,0.04047884751952926,0.05123262655980521,0.01004362382063508,0.03733387440397686,0.00497108653748605,82.75920022583014,2.49161131289694,3.3084144209725947e-06,999.3944049999992,1269.833139999998
0.7249697103205199,0.13646877409406322,0.0566141645555678,0.033483863861658775,0.006057935896023791,0.04196497411609209,0.0004405771560744576,82.1738000030518,2.495779291545948,3.362793664090651e-06,1002.2076333333323,1269.9445399999975
0.7316054407197173,0.1386955124772411,0.042411909606940135,0.02302666809467709,0.021634357930812895,0.034379350969262076,0.00824676020134947,83.12540016174324,2.4888690052219236,3.3098769460603522e-06,1001.6214499999993,1269.8527499999984
0.72,0.13792079207920793,0.050693069306930696,0.03495049504950495,0.010198019801980198,0.037227722772277226,0.009009900990099011,82.75040005493169,2.500004611628453,3.368100963768265e-06,999.5991033333326,1269.8425299999974
0.731332042177749,0.13826124381321284,0.04432967505917797,0.02173445233483968,0.016031848504411448,0.041424574994620184,0.00688616311598881,82.43640013122565,2.488276006502708,3.3113477079187837e-06,999.7911299999993,1269.8362899999981
0.7295616410873709,0.1294011435449895,0.043234025478984854,0.043936202226903406,0.015648510382184774,0.030394222088474275,0.007824255191092387,84.05840032958992,2.4835462660594785,3.3509220688723118e-06,1007.7333599999994,1270.1276999999982
0.7288323746089413,0.12927641537995763,0.0566151983045716,0.03945907760621658,0.0025229589262286815,0.035018669896054094,0.008275305278030075,82.46540010070802,2.4927859866980713,3.3992450928680763e-06,1002.4663599999991,1269.9841899999976
0.7189166579525255,0.1415873679807592,0.06587890829237689,0.027710969361079165,0.009934121091707625,0.032834884450486254,0.003137090871065566,82.96126668294275,2.5017091901195054,3.3868396013231074e-06,1004.9578957142851,1269.8462499999978
0.731300521845902,0.12964289368668783,0.038473344929908934,0.036222244960605755,0.025989972372864014,0.03601759950885092,0.0023534226951805997,83.19160017395026,2.5012978783492255,3.439549495616183e-06,1001.2630916666657,1269.8878499999985
0.7309782608695652,0.13147993311036787,0.06040969899665551,0.03250418060200669,0.007002508361204013,0.035535117056856184,0.0020903010033444815,82.37760005187991,2.489680449899833,3.38824981868977e-06,1002.8993699999992,1270.3276899999978
0.7376879212026958,0.1279419388284085,0.04924831518921722,0.026542249870399173,0.019491964748574394,0.037636080870917576,0.0014515292897874547,82.4748000183106,2.493266902142498,3.4158907172870233e-06,1000.596779999999,1269.807689999998
0.7337741607324516,0.13407934893184129,0.06042726347914546,0.02838250254323499,0.0026449643947100707,0.030925737538148517,0.009766022380467951,83.43460003662113,2.4838188851451886,3.408749826958312e-06,1012.5941399999991,1270.8707499999975
0.729840360212853,0.13067949242734345,0.0417519443307409,0.030495292672943104,0.0336676217765043,0.03131395824805567,0.002251330331559558,83.97820008850104,2.5003172998603187,3.4771117135088747e-06,1008.7760716666656,1269.9018499999986
0.7206494587843464,0.13436719400499583,0.04111157368859284,0.052872606161532054,0.010199833472106578,0.03278517901748543,0.008014154870940883,83.54360021972663,2.4909001753000424,3.304503349915094e-06,1004.6629949999995,1270.3930999999977
0.7291374824894937,0.13017810686411846,0.03842305383229938,0.0501300780468281,0.012507504502701623,0.034520712427456475,0.0051030618371022615,82.89720027160651,2.4889131770296893,3.306573056773411e-06,1000.083811666666,1270.029889999998
0.7320978950548898,0.13818108570853055,0.05317756068083392,0.026991640648605097,0.006445764931010172,0.03605599758283815,0.007050055393292376,82.60120005798342,2.489251805657944,3.3437769475862315e-06,1003.5844099999991,1270.2799399999976
0.7285642821410705,0.13656828414207103,0.054127063531765884,0.04292146073036518,0.0014007003501750874,0.030515257628814404,0.005902951475737868,83.89040007019047,2.4914640459183857,3.3934400377953426e-06,1011.9379474999992,1270.5047999999972
0.7231935959553403,0.13724457552138195,0.0543501158626501,0.025911101748472724,0.013692858647566884,0.03928797135032652,0.00631978091426164,82.71380003356937,2.497985455709696,3.3868303480656064e-06,1001.8011033333324,1270.1513899999975
0.7261016256006544,0.1371025457519681,0.05582251303547695,0.0206522850424292,0.01584705040384419,0.0375217257949085,0.00695225437071874,82.68560002136235,2.501069747404655,3.422877349980584e-06,1001.2739833333325,1269.7617399999976
0.7242674680691209,0.1351293334764409,0.042824943651389925,0.04346892776644842,0.01695824836320704,0.03305785123966942,0.004293227433723301,83.44160017395026,2.492285154010058,3.329943495818833e-06,1005.0670833333327,1269.968339999998
0.7314320886335659,0.13110381616741898,0.0479072630283135,0.03918752564628642,0.013643824374230612,0.033442757488715634,0.0032827246614690196,83.10400015258794,2.4889429586136345,3.355626847668017e-06,1002.0832399999994,1269.837589999998
0.7348259762309,0.12712224108658746,0.06462224108658744,0.02663412563667233,0.00636672325976231,0.037988115449915115,0.002440577249575552,81.51599991353356,2.4929920983625786,3.411557333493731e-06,1001.0256099999987,1270.3926199999978
0.7278150633855333,0.13497390007457122,0.06796633642271226,0.023010546500479387,0.0022371364653243847,0.03558112282944498,0.008415894321934592,82.21199997456871,2.49712154758056,3.4276913299462235e-06,1002.3421233333324,1270.2265899999975
0.7262501278249309,0.13252888843440022,0.06309438592903159,0.029246344206974126,0.006851416300235198,0.03998363840883526,0.0020451988955925964,82.30860001118981,2.4945686536331975,3.403665074342408e-06,1001.9611833333324,1270.4378899999977
0.7237053715020907,0.14055966548729493,0.06229226975447624,0.03195025195668489,0.0036453307601586786,0.03613166076980808,0.0017154497694864372,82.45340004475916,2.487335979545117,3.307373081077161e-06,1003.4183733333324,1269.8859233333312
0.7208773836577413,0.134077660310246,0.055429305404604286,0.035174389882422684,0.00800316174291078,0.03734808813358364,0.009090010868491255,82.52880006408695,2.4953419038784506,3.369202232412292e-06,1000.7252733333326,1270.1386399999972
0.7279742765273312,0.134941050375134,0.07181136120042872,0.021650589496248658,0.0036441586280814573,0.038692390139335474,0.0012861736334405143,82.05899997456872,2.4940560272105534,3.4143331410307442e-06,1001.9952399999991,1270.4951399999977
0.7204269196560923,0.13005237671706688,0.0847909872517047,0.026583654511315342,0.004941199723292815,0.030141318312086166,0.0030635438284415447,83.25039997863774,2.4964848553705212,3.4974073727761666e-06,1008.6484774999993,1270.8266999999976
0.7203947368421052,0.12908692185007975,0.06339712918660287,0.035885167464114825,0.010366826156299839,0.03877591706539074,0.002093301435406698,82.19480003356938,2.4941895285273925,3.365603390541029e-06,999.0533733333324,1270.5553733333309
0.7423795476892822,0.12870097235878947,0.054954659674423686,0.03354091554681525,0.001092537965694308,0.03496121490221785,0.004370151862777232,82.1558000030518,2.484783666937484,3.363836662409516e-06,1002.7215199999988,1269.9499799999978
0.7228255248733064,0.13020994932257732,0.04591995035681043,0.03599131244182439,0.02254628193194746,0.032992036405005684,0.009514944668528286,84.20040023803716,2.4916232634051645,3.3791326916483894e-06,1006.3415133333327,1270.068299999998
0.7320456180006165,0.1286345422788452,0.0520908250282544,0.04921401417856776,0.0018493784033699785,0.034829959930134595,0.0013356621802116512,82.64920008850102,2.4908349752491055,3.3778952390891926e-06,1002.2282049999989,1269.9488299999975
0.7333116248778899,0.13350700097688048,0.04862694019320525,0.023228047324432864,0.016064257028112452,0.04113752306523391,0.0041246065342450886,82.77680007934576,2.4938417309681573,3.3784260939358365e-06,1000.3034199999993,1269.832989999998
0.7304347826086955,0.12888198757763975,0.05196687370600414,0.02556935817805383,0.02826086956521739,0.03188405797101449,0.0030020703933747407,83.94360006713872,2.499606415180498,3.5230700370089267e-06,1009.8049741666658,1270.423699999998
0.7439771335238873,0.13046141282155982,0.04042466312780727,0.02694977541853818,0.015312372396896692,0.03797468354430379,0.004899959167006941,82.52980010986333,2.485268412359953,3.317520256601794e-06,999.7833033333325,1269.9262399999984
0.724279423538831,0.13120496397117692,0.06745396317053642,0.020616493194555642,0.010908726981585267,0.04293434747798238,0.0026020816653322654,81.81719991048179,2.49889584856232,3.4458650827347423e-06,1000.2188633333323,1270.5622899999973
0.733289574444809,0.135543157203807,0.04266491631112569,0.024504977573569627,0.017284760967071437,0.04277431353243627,0.003938299967180833,82.17920010375983,2.4885003947985176,3.327034527818719e-06,999.540109999999,1270.127989999998
0.7191444966092853,0.13114241001564944,0.06280646844027124,0.03954094940010433,0.0016692749087115282,0.04340114762649973,0.0022952529994783514,81.33939991760256,2.493116735849381,3.380921748550867e-06,995.9713533333323,1269.8675133333306
0.726783600559561,0.1283761971376305,0.07080598299795546,0.03077585279242441,0.006348864736898742,0.03389648122242549,0.0030130205531044875,81.75779988606774,2.4985081613732705,3.4473356835353477e-06,1001.0851866666657,1269.9947299999976
0.7363250956467791,0.13090683486712854,0.0622479578120153,0.0313307827525592,0.001551028849136594,0.03536345776031435,0.0022748423120670046,82.10719997151696,2.4857772536877794,3.3853841923511825e-06,1003.0129099999991,1270.3682399999977
0.719892584176823,0.1411898368105763,0.05804585829374097,0.02737037802107003,0.018694484610617644,0.032121462507746334,0.0026853955794257384,83.95640002441417,2.4993185403676828,3.388996181116681e-06,1009.4459266666659,1269.8865833333311
0.7214120486774616,0.13315900633611585,0.05963994770190083,0.0331891783164035,0.007945288142411747,0.03731268228904757,0.007341848536658956,82.33820004272464,2.4974074256396293,3.392968814757164e-06,1000.5732733333325,1270.1849399999976
0.7471694193414355,0.1274540355250857,0.053287628544717976,0.021917523631453203,0.017970291887400017,0.03137010491326477,0.0008309961566427754,82.71119988250736,2.466302307752635,3.4191829980588258e-06,1009.0857399999986,1273.015689999998
0.7383080440656828,0.13146954895032217,0.05186032009977136,0.030866763666597383,0.008314279775514447,0.031386406152567034,0.007794637289544794,83.67000000000002,2.4761168143880368,3.3625772249610865e-06,1012.9409699999995,1271.3237999999976
0.7456803455723542,0.12991360691144707,0.03239740820734341,0.021922246220302373,0.03131749460043196,0.03585313174946004,0.002915766738660907,82.40420000457769,2.4917204999343556,3.399147410570378e-06,1001.7185533333321,1270.5354666666653
0.7308949088225993,0.13829450827448087,0.041003478444186774,0.02993570148624433,0.020765257721092018,0.03531147886581638,0.0037946663855802673,83.05740013122566,2.4901510041662065,3.325067803954469e-06,1001.6638633333325,1269.8607499999985
0.7285072493363285,0.12773126403920768,0.06167041045538085,0.03389830508474576,0.000306309985705534,0.03849295487032877,0.009393506228303043,81.6611999359131,2.490677046804561,3.387162419889176e-06,1002.0362349999989,1270.2225299999975
0.7353359042013395,0.13263649279480413,0.04860970164400243,0.031357824233813676,0.0005074081591231987,0.04262228536634869,0.008930383600568297,82.065799987793,2.4835592194104192,3.3269477180128164e-06,1003.1831099999991,1270.479639999998
0.7257379700768297,0.13809138697937726,0.05398301657905378,0.020420541852001615,0.017994338859684593,0.04094217549534977,0.0028305701577031944,82.95320002746587,2.502376428898573,3.4200360756923236e-06,1002.0259533333324,1270.0739899999978
0.744,0.13080519480519484,0.0318961038961039,0.030441558441558443,0.023792207792207795,0.034701298701298705,0.004363636363636364,82.99360008239752,2.4947881884745757,3.3564111143276726e-06,1002.3086866666657,1269.8010499999984
0.7198355156368358,0.12996428957904987,0.05096850990152581,0.05778595390109296,0.0008657071745482091,0.03722540850557299,0.00335461530137431,83.37120019531254,2.4923288982570178,3.3372507883502867e-06,1001.6883133333325,1269.9053299999973
0.7286410854356582,0.13832944668221325,0.0657197371210515,0.022153911384354456,0.0012719949120203516,0.04123383506465973,0.0026499894000423995,81.90719995625817,2.4926752417270346,3.386463937251829e-06,1002.1545499999992,1270.3643399999974
0.7258528565556926,0.1340937114673243,0.041307028360049326,0.048088779284833544,0.012433210028771065,0.0321619399917797,0.0060624743115495275,83.97800024414069,2.4887606422789896,3.3084397517458746e-06,1007.5297349999995,1270.3504999999977
0.724119122940984,0.13526780844332936,0.05988873131886114,0.036653212610450535,0.002399912730446166,0.038180429802552644,0.0034907821533762414,82.30520002746587,2.4963604668772224,3.3587943821740527e-06,1002.0693333333326,1270.2929399999973
0.7330993910620293,0.1312828981319022,0.04603158220662608,0.04107751057900713,0.005573330581071319,0.034781711218908044,0.008153576220456189,82.66160015869146,2.4838351954265443,3.312737972886727e-06,1001.5777999999992,1270.081389999998
0.7330551597801751,0.1293507022186037,0.059739466720944434,0.027681660899653977,0.004986769794422959,0.045186240586199876,0.0,80.63919984436035,2.4918719466050465,3.418073135308137e-06,997.2887499999991,1269.8773399999975
0.7301738761662426,0.13984308736217133,0.057994062765055136,0.022264631043257002,0.010920271416454623,0.033608990670059374,0.0051950805767599665,82.48940003967292,2.493558867375057,3.356866482147017e-06,1004.2090999999991,1269.933273333331
0.7377473836908093,0.13459745104134285,0.031913791316961974,0.021034089731634027,0.032017407522536526,0.04123924981867164,0.001450626878043726,82.67320007324224,2.4990967905155816,3.381321555533957e-06,1002.0206666666655,1269.9475499999987
0.7472164948453608,0.12969072164948453,0.05711340206185567,0.023711340206185566,0.005567010309278351,0.035567010309278356,0.0011340206185567012,81.2329998703003,2.4616166477640475,3.3537917557065756e-06,1001.6060499999988,1272.3511899999978
0.731322129985827,0.13241546871836402,0.06053857056084227,0.026118647499493823,0.018222312208949175,0.030674225551731115,0.000708645474792468,83.93659999084477,2.4930295760353407,3.478802585391931e-06,1011.5724899999992,1270.821849999998
0.7344805743243242,0.13175675675675674,0.04497466216216216,0.02544341216216216,0.022065033783783782,0.03536739864864865,0.005912162162162162,83.00720008850104,2.4946345467034976,3.408534654381539e-06,1001.3209899999991,1269.9516499999984
0.7231413195136536,0.13085509268487142,0.07982858281841738,0.022124775762407813,0.004484751843731313,0.034981064381104245,0.004584412995814231,82.11579993184411,2.498377125597,3.459725704549198e-06,1002.0807033333324,1270.2060899999976
0.7432534951771973,0.1299447274303674,0.04129186084317763,0.030345724504172535,0.011596401864094504,0.043567790180990565,0.0,81.50220007324224,2.4828474932682516,3.315622354296009e-06,997.0970316666655,1269.7999899999977
0.7512190061209669,0.12324929971988796,0.041083099906629325,0.029359892104990144,0.018674136321195144,0.03195352214960058,0.004461043676729951,81.19319977569579,2.453035132878515,3.360363210358164e-06,1007.4870633333318,1270.862189999998
0.7231754995655951,0.14139878366637706,0.06602953953084274,0.02486967854039965,0.002823631624674196,0.041485664639443955,0.00021720243266724586,82.52980000813807,2.4897472917477295,3.306348758149696e-06,1005.7140857142847,1270.082239999998
0.7214673913043479,0.12991220735785955,0.06866638795986622,0.03260869565217392,0.006688963210702343,0.03281772575250836,0.007838628762541806,82.84240006001795,2.4951555112115544,3.4169468464940825e-06,1006.517926666666,1270.9596499999977
0.7299317517062074,0.12761347632975845,0.054598635034124154,0.0456071931535045,0.0057415231285884525,0.03401581627125989,0.002491604376557253,82.27260005187992,2.492468571689659,3.3918484642606447e-06,1002.141294999999,1270.0621299999973
0.7224655134661705,0.1297350558353405,0.050142325377709664,0.043463980731333486,0.006787825706152836,0.03777096562294724,0.009634333260345962,82.7698001556397,2.4923911010603117,3.329729351771262e-06,1000.1960533333325,1269.7823399999977
0.7252068394925538,0.13281853281853284,0.068284611141754,0.02250413678985108,0.012906784335355767,0.035521235521235525,0.002757859900717044,82.25039995320641,2.499948616455396,3.4502727026494787e-06,1001.1122233333325,1270.3769899999977
0.734856535600425,0.13613177470775767,0.0361317747077577,0.02741764080765143,0.017747077577045692,0.039426142401700316,0.00828905419766206,82.93680012512215,2.489046777611177,3.3127696214872274e-06,1000.6807133333325,1269.9683399999983
0.7255466666666667,0.14176,0.04394666666666667,0.021866666666666666,0.029546666666666666,0.03317333333333333,0.00416,84.04760006713876,2.4920154791104796,3.348442195799216e-06,1009.0596323809514,1269.9211499999985
0.7293856103476152,0.12762732417138237,0.05082861762328213,0.03466046887631366,0.011924009700889247,0.03728779304769604,0.008286176232821343,82.09000003051761,2.4937142434884443,3.391262420270646e-06,999.9157549999992,1270.0456299999973
0.7281307083417902,0.13669575806778972,0.05246600365333875,0.03277856707935864,0.01126446113253501,0.03399634666125431,0.004668155063933427,82.75740005493168,2.496114027948777,3.3747075578145927e-06,1001.9217499999992,1270.0912899999976
0.7262872628726287,0.13971695272508278,0.04847937368262571,0.02258355916892502,0.022985044665261467,0.033022182073672586,0.006925624811803673,84.00900010681158,2.501011180680196,3.4191209941521247e-06,1008.5748533333327,1269.9930999999983
0.7359062859533522,0.1295889551302165,0.04016316284907436,0.025206568350590944,0.03252797824495346,0.03294634452463132,0.0036607049471812573,83.39880009460455,2.495255087162654,3.459229549361914e-06,1006.4741299999991,1270.2304999999988
0.7246301851660287,0.13240922726802523,0.056170476880107574,0.04023999172442329,0.008068687286645287,0.03413675390503775,0.0043446777697320775,82.74340010070806,2.493823017305534,3.375992641504513e-06,1002.6401733333327,1270.0492399999973
0.7314408141403321,0.1294054633101232,0.04788430637386181,0.027852169255490094,0.011140867702196038,0.042635243706480995,0.0096411355115158,82.12260003662114,2.491366042847236,3.3857298979682984e-06,1000.0318899999991,1270.0240399999977
0.7253572546156254,0.13194951496818608,0.07510170021904662,0.028580369250026078,0.004380932512777719,0.03369145718160008,0.0009387712527380828,82.22139993794761,2.4954807873153686,3.4373582064507335e-06,1003.3760633333326,1270.3489899999975
0.7246713852376138,0.1345803842264914,0.057431749241658246,0.03640040444893832,0.005358948432760364,0.03154701718907988,0.010010111223458039,83.90480012512211,2.491025217341185,3.3982897137067664e-06,1011.3118808333327,1270.3981499999973
0.7235313280486481,0.13714844174177435,0.06113584536866109,0.02475838853295689,0.01628841350852427,0.0349657943316321,0.002171788467803236,82.50980000813806,2.501956546414296,3.4350988178401243e-06,1001.4629233333326,1269.7699399999976
0.7341135407042397,0.13325120624165895,0.050508161379735135,0.03367210758649009,0.00595421414639154,0.038497074222359096,0.004003695719125346,82.8878001098633,2.4864442506877587,3.3295692448098767e-06,1002.5162199999993,1270.5930899999976
0.7213345392422872,0.1390814993467993,0.06702843935282886,0.022309315646668677,0.01175761230027133,0.03456939001105416,0.003919204100090443,82.04319998677576,2.5025065265830357,3.3970994928053393e-06,1000.5766199999994,1270.2618399999978
0.719560878243513,0.13293413173652696,0.051696606786427145,0.04740518962075849,0.006686626746506987,0.035029940119760475,0.006686626746506987,83.21260014343267,2.495455629260938,3.346760349627767e-06,999.7072133333328,1269.9093299999972
0.7299408783783783,0.1350295608108108,0.04444679054054053,0.04212415540540539,0.006017736486486486,0.03726773648648648,0.005173141891891891,82.30980012512212,2.4909528806940724,3.3094981965329447e-06,1000.7054099999993,1270.1535899999978
0.7302091878589008,0.12766611977030354,0.06244872846595571,0.028096800656275636,0.018252666119770306,0.03096800656275636,0.0023584905660377358,83.21559997558599,2.494155155914359,3.498306147805485e-06,1009.2442991666658,1270.5894899999978
0.7348066298342542,0.1335348691754404,0.06608985718753257,0.021369748775148547,0.0017721255081830502,0.032627957885958514,0.009798811633482748,82.73299992879234,2.4902797895793123,3.423162479584755e-06,1008.7867599999995,1271.1388499999978
0.7206120030169163,0.1394246309664907,0.0699278095032863,0.023381101174442413,0.004094386380777934,0.03394030815644866,0.008619760801637755,81.99119997151696,2.500430566612879,3.3908210759780017e-06,1001.6139199999992,1270.1354399999977
0.7498685179341537,0.12643315451772377,0.0526980119911644,0.022930472283580517,0.0018933417481855471,0.04533501630377616,0.0008414852214157989,79.33379972839353,2.4513592767767114,3.3017303195083257e-06,996.4522133333318,1270.9453699999974
0.7513966480446926,0.1243016759776536,0.0395358831113021,0.022561237645036526,0.02019767941555651,0.03856897292651482,0.003437902879243661,79.95839974212646,2.4531036370045083,3.334913007556004e-06,997.4773483333316,1270.3438999999978
0.739291217257319,0.13898305084745763,0.058962506420133544,0.020749871597329224,0.005444273240883411,0.03615819209039549,0.0004108885464817669,82.18020004272465,2.4875368761746093,3.320916713810511e-06,1004.1233699999991,1270.2023899999979
0.7313465303458778,0.13541440069610616,0.04318033500108767,0.030780944093974333,0.019686752229715037,0.03882967152490756,0.0007613661083315206,82.89460012817389,2.493351618018548,3.3614034591744224e-06,1000.6446599999991,1270.0952499999983
0.7204290195284833,0.1329555802893858,0.05423454416675099,0.03895578265708793,0.01214206212688455,0.03632500252959628,0.004958008701811191,82.95260012817386,2.4947941294745606,3.3560625696300765e-06,1000.2161933333326,1270.1550399999971
0.7246794871794872,0.13397435897435897,0.06292735042735043,0.030876068376068374,0.003418803418803419,0.043696581196581194,0.00042735042735042735,81.50359996541343,2.4902946270708246,3.376340303295105e-06,999.3969233333323,1270.3364899999972
